id,source_url,campus,retrieved_at,branch_id,month,rules,additional_hours_urls,request_url,request_parameters,record_sha256
library_hours:11:2026-09,https://hours.library.ubc.ca/#chapman,vancouver,2026-09-10T23:22:28Z,library_hours:11,2026-09,"[{""category"": ""regular"", ""heading"": ""Regular Hours (Sep 1-Dec 22)"", ""selector"": ""Mon-Thu"", ""hours_text"": ""9am - 10pm""}, {""category"": ""regular"", ""heading"": ""Regular Hours (Sep 1-Dec 22)"", ""selector"": ""Fri"", ""hours_text"": ""9am - 6pm""}, {""category"": ""regular"", ""heading"": ""Regular Hours (Sep 1-Dec 22)"", ""selector"": ""Sat-Sun"", ""hours_text"": ""11am - 6pm""}, {""category"": ""exception"", ""heading"": ""Exception Hours"", ""selector"": ""Sep 1-4"", ""hours_text"": ""10am - 6pm""}, {""category"": ""exception"", ""heading"": ""Exception Hours"", ""selector"": ""Sep 5-6"", ""hours_text"": ""Closed*""}, {""category"": ""holiday"", ""heading"": ""Holiday Hours"", ""selector"": ""Sep 7"", ""hours_text"": ""Closed* (Labour Day)""}, {""category"": ""holiday"", ""heading"": ""Holiday Hours"", ""selector"": ""Sep 30"", ""hours_text"": ""Closed* (NDTR)""}]",[],https://hours.library.ubc.ca/includes/calendar.inc.php,"{""location_id"": 11, ""year"": 2026, ""month"": 9}",9ea10daaa0f49ded8e61f7b17bbd04d2ac577cbc147bbd9ca0d5a291795139e0
library_hours:11:2026-10,https://hours.library.ubc.ca/#chapman,vancouver,2026-09-10T23:22:28Z,library_hours:11,2026-10,"[{""category"": ""regular"", ""heading"": ""Regular Hours (Sep 1-Dec 22)"", ""selector"": ""Mon-Thu"", ""hours_text"": ""9am - 10pm""}, {""category"": ""regular"", ""heading"": ""Regular Hours (Sep 1-Dec 22)"", ""selector"": ""Fri"", ""hours_text"": ""9am - 6pm""}, {""category"": ""regular"", ""heading"": ""Regular Hours (Sep 1-Dec 22)"", ""selector"": ""Sat-Sun"", ""hours_text"": ""11am - 6pm""}, {""category"": ""holiday"", ""heading"": ""Holiday Hours"", ""selector"": ""Oct 12"", ""hours_text"": ""Closed* (Thanksgiving)""}]",[],https://hours.library.ubc.ca/includes/calendar.inc.php,"{""location_id"": 11, ""year"": 2026, ""month"": 10}",8c0b07a6071cca7c76bf0435ee9d2ebc6e5169b6a872181f2660663313b29f95
library_hours:11:2026-11,https://hours.library.ubc.ca/#chapman,vancouver,2026-09-10T23:22:28Z,library_hours:11,2026-11,"[{""category"": ""regular"", ""heading"": ""Regular Hours (Sep 1-Dec 22)"", ""selector"": ""Mon-Thu"", ""hours_text"": ""9am - 10pm""}, {""category"": ""regular"", ""heading"": ""Regular Hours (Sep 1-Dec 22)"", ""selector"": ""Fri"", ""hours_text"": ""9am - 6pm""}, {""category"": ""regular"", ""heading"": ""Regular Hours (Sep 1-Dec 22)"", ""selector"": ""Sat-Sun"", ""hours_text"": ""11am - 6pm""}, {""category"": ""exception"", ""heading"": ""Exception Hours"", ""selector"": ""Nov 9-10"", ""hours_text"": ""10am - 6pm""}, {""category"": ""holiday"", ""heading"": ""Holiday Hours"", ""selector"": ""Nov 11"", ""hours_text"": ""Closed* (Remembrance Day )""}]",[],https://hours.library.ubc.ca/includes/calendar.inc.php,"{""location_id"": 11, ""year"": 2026, ""month"": 11}",3db8002eba1e330ad9f945bca8d12b0e21d706209ac414a90c8f68661aa8ea05
library_hours:11:2026-12,https://hours.library.ubc.ca/#chapman,vancouver,2026-09-10T23:22:28Z,library_hours:11,2026-12,"[{""category"": ""regular"", ""heading"": ""Regular Hours (Sep 1-Dec 22)"", ""selector"": ""Mon-Thu"", ""hours_text"": ""9am - 10pm""}, {""category"": ""regular"", ""heading"": ""Regular Hours (Sep 1-Dec 22)"", ""selector"": ""Fri"", ""hours_text"": ""9am - 6pm""}, {""category"": ""regular"", ""heading"": ""Regular Hours (Sep 1-Dec 22)"", ""selector"": ""Sat-Sun"", ""hours_text"": ""11am - 6pm""}, {""category"": ""holiday"", ""heading"": ""Holiday Hours"", ""selector"": ""Dec 23-24"", ""hours_text"": ""10am - 6pm""}, {""category"": ""holiday"", ""heading"": ""Holiday Hours"", ""selector"": ""Dec 25-31"", ""hours_text"": ""Closed*""}]",[],https://hours.library.ubc.ca/includes/calendar.inc.php,"{""location_id"": 11, ""year"": 2026, ""month"": 12}",6ae8f65d0c1d391504439e08354f998ae254a6f476c70e6cd2e69020c680b51b
library_hours:13:2026-09,https://hours.library.ubc.ca/#rbsc,vancouver,2026-09-10T23:22:28Z,library_hours:13,2026-09,"[{""category"": ""regular"", ""heading"": ""Regular Hours (Sep 1-Dec 22)"", ""selector"": ""Mon-Fri"", ""hours_text"": ""9am - 3pm""}, {""category"": ""regular"", ""heading"": ""Regular Hours (Sep 1-Dec 22)"", ""selector"": ""Sat-Sun"", ""hours_text"": ""Closed*""}, {""category"": ""exception"", ""heading"": ""Exception Hours"", ""selector"": ""Sep 1-4"", ""hours_text"": ""9am - 3pm""}, {""category"": ""exception"", ""heading"": ""Exception Hours"", ""selector"": ""Sep 5-6"", ""hours_text"": ""Closed*""}, {""category"": ""holiday"", ""heading"": ""Holiday Hours"", ""selector"": ""Sep 7"", ""hours_text"": ""Closed* (Labour Day)""}, {""category"": ""holiday"", ""heading"": ""Holiday Hours"", ""selector"": ""Sep 30"", ""hours_text"": ""Closed* (NDTR)""}]","[""https://rbsc.library.ubc.ca/""]",https://hours.library.ubc.ca/includes/calendar.inc.php,"{""location_id"": 13, ""year"": 2026, ""month"": 9}",b4212b3214b5718119ceac0a6420e747eccb7be8a071a425a5eb9a3465ba0e25
library_hours:13:2026-10,https://hours.library.ubc.ca/#rbsc,vancouver,2026-09-10T23:22:28Z,library_hours:13,2026-10,"[{""category"": ""regular"", ""heading"": ""Regular Hours (Sep 1-Dec 22)"", ""selector"": ""Mon-Fri"", ""hours_text"": ""9am - 3pm""}, {""category"": ""regular"", ""heading"": ""Regular Hours (Sep 1-Dec 22)"", ""selector"": ""Sat-Sun"", ""hours_text"": ""Closed*""}, {""category"": ""holiday"", ""heading"": ""Holiday Hours"", ""selector"": ""Oct 12"", ""hours_text"": ""Closed* (Thanksgiving)""}]","[""https://rbsc.library.ubc.ca/""]",https://hours.library.ubc.ca/includes/calendar.inc.php,"{""location_id"": 13, ""year"": 2026, ""month"": 10}",e776f9b8fe38e7743f8f8388726bbc80b5387907bf228b3e750c4d9cc108ec2f
library_hours:13:2026-11,https://hours.library.ubc.ca/#rbsc,vancouver,2026-09-10T23:22:28Z,library_hours:13,2026-11,"[{""category"": ""regular"", ""heading"": ""Regular Hours (Sep 1-Dec 22)"", ""selector"": ""Mon-Fri"", ""hours_text"": ""9am - 3pm""}, {""category"": ""regular"", ""heading"": ""Regular Hours (Sep 1-Dec 22)"", ""selector"": ""Sat-Sun"", ""hours_text"": ""Closed*""}, {""category"": ""exception"", ""heading"": ""Exception Hours"", ""selector"": ""Nov 9-10"", ""hours_text"": ""9am - 3pm""}, {""category"": ""holiday"", ""heading"": ""Holiday Hours"", ""selector"": ""Nov 11"", ""hours_text"": ""Closed* (Remembrance Day )""}]","[""https://rbsc.library.ubc.ca/""]",https://hours.library.ubc.ca/includes/calendar.inc.php,"{""location_id"": 13, ""year"": 2026, ""month"": 11}",9ae0aad14ac536476abd0a95e0037654595ca2dc3dc2924dc3b614c646a0f907
library_hours:13:2026-12,https://hours.library.ubc.ca/#rbsc,vancouver,2026-09-10T23:22:28Z,library_hours:13,2026-12,"[{""category"": ""regular"", ""heading"": ""Regular Hours (Sep 1-Dec 22)"", ""selector"": ""Mon-Fri"", ""hours_text"": ""9am - 3pm""}, {""category"": ""regular"", ""heading"": ""Regular Hours (Sep 1-Dec 22)"", ""selector"": ""Sat-Sun"", ""hours_text"": ""Closed*""}, {""category"": ""holiday"", ""heading"": ""Holiday Hours"", ""selector"": ""Dec 23-24"", ""hours_text"": ""9am - 3pm""}, {""category"": ""holiday"", ""heading"": ""Holiday Hours"", ""selector"": ""Dec 25-31"", ""hours_text"": ""Closed*""}]","[""https://rbsc.library.ubc.ca/""]",https://hours.library.ubc.ca/includes/calendar.inc.php,"{""location_id"": 13, ""year"": 2026, ""month"": 12}",392620808a1fb03a8fd53512263abec90135c22e3583ecef0a6b16a2c948bf09
library_hours:15:2026-09,https://hours.library.ubc.ca/#archives,vancouver,2026-09-10T23:22:28Z,library_hours:15,2026-09,"[{""category"": ""regular"", ""heading"": ""Regular Hours (Sep 1-Dec 22)"", ""selector"": ""Mon-Fri"", ""hours_text"": ""9am - 3pm""}, {""category"": ""regular"", ""heading"": ""Regular Hours (Sep 1-Dec 22)"", ""selector"": ""Sat-Sun"", ""hours_text"": ""Closed*""}, {""category"": ""exception"", ""heading"": ""Exception Hours"", ""selector"": ""Sep 1-4"", ""hours_text"": ""9am - 3pm""}, {""category"": ""exception"", ""heading"": ""Exception Hours"", ""selector"": ""Sep 5-6"", ""hours_text"": ""Closed*""}, {""category"": ""holiday"", ""heading"": ""Holiday Hours"", ""selector"": ""Sep 7"", ""hours_text"": ""Closed* (Labour Day)""}, {""category"": ""holiday"", ""heading"": ""Holiday Hours"", ""selector"": ""Sep 30"", ""hours_text"": ""Closed* (NDTR)""}]",[],https://hours.library.ubc.ca/includes/calendar.inc.php,"{""location_id"": 15, ""year"": 2026, ""month"": 9}",1766f24c6179bb900f82d76f70ea90935b1cc0825a1b6f75a5ea705046c8fe90
library_hours:15:2026-10,https://hours.library.ubc.ca/#archives,vancouver,2026-09-10T23:22:28Z,library_hours:15,2026-10,"[{""category"": ""regular"", ""heading"": ""Regular Hours (Sep 1-Dec 22)"", ""selector"": ""Mon-Fri"", ""hours_text"": ""9am - 3pm""}, {""category"": ""regular"", ""heading"": ""Regular Hours (Sep 1-Dec 22)"", ""selector"": ""Sat-Sun"", ""hours_text"": ""Closed*""}, {""category"": ""holiday"", ""heading"": ""Holiday Hours"", ""selector"": ""Oct 12"", ""hours_text"": ""Closed* (Thanksgiving)""}]",[],https://hours.library.ubc.ca/includes/calendar.inc.php,"{""location_id"": 15, ""year"": 2026, ""month"": 10}",61111a2ff130de9802cb3f439eff9b7756354e6eb8b734ce93aced6ed369a271
library_hours:15:2026-11,https://hours.library.ubc.ca/#archives,vancouver,2026-09-10T23:22:28Z,library_hours:15,2026-11,"[{""category"": ""regular"", ""heading"": ""Regular Hours (Sep 1-Dec 22)"", ""selector"": ""Mon-Fri"", ""hours_text"": ""9am - 3pm""}, {""category"": ""regular"", ""heading"": ""Regular Hours (Sep 1-Dec 22)"", ""selector"": ""Sat-Sun"", ""hours_text"": ""Closed*""}, {""category"": ""exception"", ""heading"": ""Exception Hours"", ""selector"": ""Nov 9-10"", ""hours_text"": ""9am - 3pm""}, {""category"": ""holiday"", ""heading"": ""Holiday Hours"", ""selector"": ""Nov 11"", ""hours_text"": ""Closed* (Remembrance Day )""}]",[],https://hours.library.ubc.ca/includes/calendar.inc.php,"{""location_id"": 15, ""year"": 2026, ""month"": 11}",df6c9681117b45e0c67ee76ddf2ed048adb065ca38bc14eba7826dbe15c21989
library_hours:15:2026-12,https://hours.library.ubc.ca/#archives,vancouver,2026-09-10T23:22:28Z,library_hours:15,2026-12,"[{""category"": ""regular"", ""heading"": ""Regular Hours (Sep 1-Dec 22)"", ""selector"": ""Mon-Fri"", ""hours_text"": ""9am - 3pm""}, {""category"": ""regular"", ""heading"": ""Regular Hours (Sep 1-Dec 22)"", ""selector"": ""Sat-Sun"", ""hours_text"": ""Closed*""}, {""category"": ""holiday"", ""heading"": ""Holiday Hours"", ""selector"": ""Dec 23-24"", ""hours_text"": ""9am - 3pm""}, {""category"": ""holiday"", ""heading"": ""Holiday Hours"", ""selector"": ""Dec 25-31"", ""hours_text"": ""Closed*""}]",[],https://hours.library.ubc.ca/includes/calendar.inc.php,"{""location_id"": 15, ""year"": 2026, ""month"": 12}",957fca1add9d57f013f600ba16f32902f26237cbe3e19adefde64d56c6a28a5d
library_hours:17:2026-09,https://hours.library.ubc.ca/#law,vancouver,2026-09-10T23:22:28Z,library_hours:17,2026-09,"[{""category"": ""regular"", ""heading"": ""Regular Hours (Sep 1-Dec 22)"", ""selector"": ""Mon-Thu"", ""hours_text"": ""8:30am - 9pm""}, {""category"": ""regular"", ""heading"": ""Regular Hours (Sep 1-Dec 22)"", ""selector"": ""Fri"", ""hours_text"": ""8:30am - 6pm""}, {""category"": ""regular"", ""heading"": ""Regular Hours (Sep 1-Dec 22)"", ""selector"": ""Sat"", ""hours_text"": ""10am - 6pm""}, {""category"": ""regular"", ""heading"": ""Regular Hours (Sep 1-Dec 22)"", ""selector"": ""Sun"", ""hours_text"": ""Closed*""}, {""category"": ""exception"", ""heading"": ""Exception Hours"", ""selector"": ""Sep 1-4"", ""hours_text"": ""9am - 5pm""}, {""category"": ""exception"", ""heading"": ""Exception Hours"", ""selector"": ""Sep 5-6"", ""hours_text"": ""Closed*""}, {""category"": ""holiday"", ""heading"": ""Holiday Hours"", ""selector"": ""Sep 7"", ""hours_text"": ""Closed*""}, {""category"": ""holiday"", ""heading"": ""Holiday Hours"", ""selector"": ""Sep 30"", ""hours_text"": ""Closed* (NDTR)""}]","[""https://law.library.ubc.ca/refstaff/""]",https://hours.library.ubc.ca/includes/calendar.inc.php,"{""location_id"": 17, ""year"": 2026, ""month"": 9}",da4071728c96e1f29a2b274168ac3fbc43948c37e20a39d7cd072b2492b516f3
library_hours:17:2026-10,https://hours.library.ubc.ca/#law,vancouver,2026-09-10T23:22:28Z,library_hours:17,2026-10,"[{""category"": ""regular"", ""heading"": ""Regular Hours (Sep 1-Dec 22)"", ""selector"": ""Mon-Thu"", ""hours_text"": ""8:30am - 9pm""}, {""category"": ""regular"", ""heading"": ""Regular Hours (Sep 1-Dec 22)"", ""selector"": ""Fri"", ""hours_text"": ""8:30am - 6pm""}, {""category"": ""regular"", ""heading"": ""Regular Hours (Sep 1-Dec 22)"", ""selector"": ""Sat"", ""hours_text"": ""10am - 6pm""}, {""category"": ""regular"", ""heading"": ""Regular Hours (Sep 1-Dec 22)"", ""selector"": ""Sun"", ""hours_text"": ""Closed*""}, {""category"": ""holiday"", ""heading"": ""Holiday Hours"", ""selector"": ""Oct 12"", ""hours_text"": ""Closed* (Thanksgiving)""}]","[""https://law.library.ubc.ca/refstaff/""]",https://hours.library.ubc.ca/includes/calendar.inc.php,"{""location_id"": 17, ""year"": 2026, ""month"": 10}",bc227b7d3171764caab96e264a8bda1cc602de5d04836ebd5687a1db032b9fe0
library_hours:17:2026-11,https://hours.library.ubc.ca/#law,vancouver,2026-09-10T23:22:28Z,library_hours:17,2026-11,"[{""category"": ""regular"", ""heading"": ""Regular Hours (Sep 1-Dec 22)"", ""selector"": ""Mon-Thu"", ""hours_text"": ""8:30am - 9pm""}, {""category"": ""regular"", ""heading"": ""Regular Hours (Sep 1-Dec 22)"", ""selector"": ""Fri"", ""hours_text"": ""8:30am - 6pm""}, {""category"": ""regular"", ""heading"": ""Regular Hours (Sep 1-Dec 22)"", ""selector"": ""Sat"", ""hours_text"": ""10am - 6pm""}, {""category"": ""regular"", ""heading"": ""Regular Hours (Sep 1-Dec 22)"", ""selector"": ""Sun"", ""hours_text"": ""Closed*""}, {""category"": ""exception"", ""heading"": ""Exception Hours"", ""selector"": ""Nov 9-10"", ""hours_text"": ""9am - 5pm""}, {""category"": ""holiday"", ""heading"": ""Holiday Hours"", ""selector"": ""Nov 11"", ""hours_text"": ""Closed* (Remembrance Day )""}]","[""https://law.library.ubc.ca/refstaff/""]",https://hours.library.ubc.ca/includes/calendar.inc.php,"{""location_id"": 17, ""year"": 2026, ""month"": 11}",8868af6a52e8627ffcac33dd4c8c53597ec5e2978b7c12077fe43b754201bbfa
library_hours:17:2026-12,https://hours.library.ubc.ca/#law,vancouver,2026-09-10T23:22:28Z,library_hours:17,2026-12,"[{""category"": ""regular"", ""heading"": ""Regular Hours (Sep 1-Dec 22)"", ""selector"": ""Mon-Thu"", ""hours_text"": ""8:30am - 9pm""}, {""category"": ""regular"", ""heading"": ""Regular Hours (Sep 1-Dec 22)"", ""selector"": ""Fri"", ""hours_text"": ""8:30am - 6pm""}, {""category"": ""regular"", ""heading"": ""Regular Hours (Sep 1-Dec 22)"", ""selector"": ""Sat"", ""hours_text"": ""10am - 6pm""}, {""category"": ""regular"", ""heading"": ""Regular Hours (Sep 1-Dec 22)"", ""selector"": ""Sun"", ""hours_text"": ""Closed*""}, {""category"": ""exception"", ""heading"": ""Exception Hours"", ""selector"": ""Dec 22"", ""hours_text"": ""8:30am - 5pm""}, {""category"": ""holiday"", ""heading"": ""Holiday Hours"", ""selector"": ""Dec 23-24"", ""hours_text"": ""9am - 5pm""}, {""category"": ""holiday"", ""heading"": ""Holiday Hours"", ""selector"": ""Dec 25-31"", ""hours_text"": ""Closed*""}]","[""https://law.library.ubc.ca/refstaff/""]",https://hours.library.ubc.ca/includes/calendar.inc.php,"{""location_id"": 17, ""year"": 2026, ""month"": 12}",05f31d90757d4174e11473f31075b1e69465709499d70c1fa7b1f4864b5e8fc6
library_hours:21:2026-09,https://hours.library.ubc.ca/#biomedical,vancouver,2026-09-10T23:22:28Z,library_hours:21,2026-09,"[{""category"": ""regular"", ""heading"": ""Regular Hours (Sep 1-Dec 22)"", ""selector"": ""Mon"", ""hours_text"": ""11am - 4pm""}, {""category"": ""regular"", ""heading"": ""Regular Hours (Sep 1-Dec 22)"", ""selector"": ""Tue-Wed"", ""hours_text"": ""11am - 6pm""}, {""category"": ""regular"", ""heading"": ""Regular Hours (Sep 1-Dec 22)"", ""selector"": ""Thu-Fri"", ""hours_text"": ""11am - 4pm""}, {""category"": ""regular"", ""heading"": ""Regular Hours (Sep 1-Dec 22)"", ""selector"": ""Sat-Sun"", ""hours_text"": ""Closed*""}, {""category"": ""holiday"", ""heading"": ""Holiday Hours"", ""selector"": ""Sep 7"", ""hours_text"": ""Closed* (Labour Day)""}, {""category"": ""holiday"", ""heading"": ""Holiday Hours"", ""selector"": ""Sep 30"", ""hours_text"": ""Closed* (NDTR)""}]","[""https://woodward.library.ubc.ca/bmb/""]",https://hours.library.ubc.ca/includes/calendar.inc.php,"{""location_id"": 21, ""year"": 2026, ""month"": 9}",aa2f83c8b9776576f3c5f82711ae5f4cdb8e6f1e43f2017ad78adc5a170c8cbb
library_hours:21:2026-10,https://hours.library.ubc.ca/#biomedical,vancouver,2026-09-10T23:22:28Z,library_hours:21,2026-10,"[{""category"": ""regular"", ""heading"": ""Regular Hours (Sep 1-Dec 22)"", ""selector"": ""Mon"", ""hours_text"": ""11am - 4pm""}, {""category"": ""regular"", ""heading"": ""Regular Hours (Sep 1-Dec 22)"", ""selector"": ""Tue-Wed"", ""hours_text"": ""11am - 6pm""}, {""category"": ""regular"", ""heading"": ""Regular Hours (Sep 1-Dec 22)"", ""selector"": ""Thu-Fri"", ""hours_text"": ""11am - 4pm""}, {""category"": ""regular"", ""heading"": ""Regular Hours (Sep 1-Dec 22)"", ""selector"": ""Sat-Sun"", ""hours_text"": ""Closed*""}, {""category"": ""holiday"", ""heading"": ""Holiday Hours"", ""selector"": ""Oct 12"", ""hours_text"": ""Closed* (Thanksgiving)""}]","[""https://woodward.library.ubc.ca/bmb/""]",https://hours.library.ubc.ca/includes/calendar.inc.php,"{""location_id"": 21, ""year"": 2026, ""month"": 10}",f40c3b50bb0749d173cd8529aa12897d90e7596be029846e0df59c06bdd2af79
library_hours:21:2026-11,https://hours.library.ubc.ca/#biomedical,vancouver,2026-09-10T23:22:28Z,library_hours:21,2026-11,"[{""category"": ""regular"", ""heading"": ""Regular Hours (Sep 1-Dec 22)"", ""selector"": ""Mon"", ""hours_text"": ""11am - 4pm""}, {""category"": ""regular"", ""heading"": ""Regular Hours (Sep 1-Dec 22)"", ""selector"": ""Tue-Wed"", ""hours_text"": ""11am - 6pm""}, {""category"": ""regular"", ""heading"": ""Regular Hours (Sep 1-Dec 22)"", ""selector"": ""Thu-Fri"", ""hours_text"": ""11am - 4pm""}, {""category"": ""regular"", ""heading"": ""Regular Hours (Sep 1-Dec 22)"", ""selector"": ""Sat-Sun"", ""hours_text"": ""Closed*""}, {""category"": ""holiday"", ""heading"": ""Holiday Hours"", ""selector"": ""Nov 11"", ""hours_text"": ""Closed* (Remembrance Day )""}]","[""https://woodward.library.ubc.ca/bmb/""]",https://hours.library.ubc.ca/includes/calendar.inc.php,"{""location_id"": 21, ""year"": 2026, ""month"": 11}",d41e98f8145aec0672a28b60eff052fa0736cc6877b678a4beac7baf5be945ae
library_hours:21:2026-12,https://hours.library.ubc.ca/#biomedical,vancouver,2026-09-10T23:22:28Z,library_hours:21,2026-12,"[{""category"": ""regular"", ""heading"": ""Regular Hours (Sep 1-Dec 22)"", ""selector"": ""Mon"", ""hours_text"": ""11am - 4pm""}, {""category"": ""regular"", ""heading"": ""Regular Hours (Sep 1-Dec 22)"", ""selector"": ""Tue-Wed"", ""hours_text"": ""11am - 6pm""}, {""category"": ""regular"", ""heading"": ""Regular Hours (Sep 1-Dec 22)"", ""selector"": ""Thu-Fri"", ""hours_text"": ""11am - 4pm""}, {""category"": ""regular"", ""heading"": ""Regular Hours (Sep 1-Dec 22)"", ""selector"": ""Sat-Sun"", ""hours_text"": ""Closed*""}, {""category"": ""holiday"", ""heading"": ""Holiday Hours"", ""selector"": ""Dec 23"", ""hours_text"": ""11am - 6pm""}, {""category"": ""holiday"", ""heading"": ""Holiday Hours"", ""selector"": ""Dec 24"", ""hours_text"": ""11am - 4pm""}, {""category"": ""holiday"", ""heading"": ""Holiday Hours"", ""selector"": ""Dec 25-31"", ""hours_text"": ""Closed*""}]","[""https://woodward.library.ubc.ca/bmb/""]",https://hours.library.ubc.ca/includes/calendar.inc.php,"{""location_id"": 21, ""year"": 2026, ""month"": 12}",5f19df41a90b410ec1eb4911f005ee68aa6bda05978a4ca508ec53403a8a0d91
library_hours:23:2026-09,https://hours.library.ubc.ca/#woodward,vancouver,2026-09-10T23:22:28Z,library_hours:23,2026-09,"[{""category"": ""regular"", ""heading"": ""Regular Hours (Sep 1-Dec 22)"", ""selector"": ""Mon-Thu"", ""hours_text"": ""9am - 9pm""}, {""category"": ""regular"", ""heading"": ""Regular Hours (Sep 1-Dec 22)"", ""selector"": ""Fri"", ""hours_text"": ""9am - 6pm""}, {""category"": ""regular"", ""heading"": ""Regular Hours (Sep 1-Dec 22)"", ""selector"": ""Sat"", ""hours_text"": ""10am - 6pm""}, {""category"": ""regular"", ""heading"": ""Regular Hours (Sep 1-Dec 22)"", ""selector"": ""Sun"", ""hours_text"": ""12pm - 6pm""}, {""category"": ""exception"", ""heading"": ""Exception Hours"", ""selector"": ""Sep 1-4"", ""hours_text"": ""9am - 5pm""}, {""category"": ""exception"", ""heading"": ""Exception Hours"", ""selector"": ""Sep 5-6"", ""hours_text"": ""Closed*""}, {""category"": ""holiday"", ""heading"": ""Holiday Hours"", ""selector"": ""Sep 7"", ""hours_text"": ""Closed* (Labour Day)""}, {""category"": ""holiday"", ""heading"": ""Holiday Hours"", ""selector"": ""Sep 30"", ""hours_text"": ""Closed* (NDTR)""}]","[""https://woodward.library.ubc.ca/about-woodward-library/hours/""]",https://hours.library.ubc.ca/includes/calendar.inc.php,"{""location_id"": 23, ""year"": 2026, ""month"": 9}",e720f8d3400a09e2f34e47952d3d689efc4ce0528c18b8857663d66ec09a3992
library_hours:23:2026-10,https://hours.library.ubc.ca/#woodward,vancouver,2026-09-10T23:22:28Z,library_hours:23,2026-10,"[{""category"": ""regular"", ""heading"": ""Regular Hours (Sep 1-Dec 22)"", ""selector"": ""Mon-Thu"", ""hours_text"": ""9am - 9pm""}, {""category"": ""regular"", ""heading"": ""Regular Hours (Sep 1-Dec 22)"", ""selector"": ""Fri"", ""hours_text"": ""9am - 6pm""}, {""category"": ""regular"", ""heading"": ""Regular Hours (Sep 1-Dec 22)"", ""selector"": ""Sat"", ""hours_text"": ""10am - 6pm""}, {""category"": ""regular"", ""heading"": ""Regular Hours (Sep 1-Dec 22)"", ""selector"": ""Sun"", ""hours_text"": ""12pm - 6pm""}, {""category"": ""holiday"", ""heading"": ""Holiday Hours"", ""selector"": ""Oct 12"", ""hours_text"": ""Closed* (Thanksgiving)""}]","[""https://woodward.library.ubc.ca/about-woodward-library/hours/""]",https://hours.library.ubc.ca/includes/calendar.inc.php,"{""location_id"": 23, ""year"": 2026, ""month"": 10}",fe79177e0b35f53020fa3b4f9d2e25adacf967ef4ef882fa16ccc8f8bdc268dd
library_hours:23:2026-11,https://hours.library.ubc.ca/#woodward,vancouver,2026-09-10T23:22:28Z,library_hours:23,2026-11,"[{""category"": ""regular"", ""heading"": ""Regular Hours (Sep 1-Dec 22)"", ""selector"": ""Mon-Thu"", ""hours_text"": ""9am - 9pm""}, {""category"": ""regular"", ""heading"": ""Regular Hours (Sep 1-Dec 22)"", ""selector"": ""Fri"", ""hours_text"": ""9am - 6pm""}, {""category"": ""regular"", ""heading"": ""Regular Hours (Sep 1-Dec 22)"", ""selector"": ""Sat"", ""hours_text"": ""10am - 6pm""}, {""category"": ""regular"", ""heading"": ""Regular Hours (Sep 1-Dec 22)"", ""selector"": ""Sun"", ""hours_text"": ""12pm - 6pm""}, {""category"": ""exception"", ""heading"": ""Exception Hours"", ""selector"": ""Nov 9-10"", ""hours_text"": ""9am - 5pm""}, {""category"": ""holiday"", ""heading"": ""Holiday Hours"", ""selector"": ""Nov 11"", ""hours_text"": ""Closed* (Remembrance Day )""}]","[""https://woodward.library.ubc.ca/about-woodward-library/hours/""]",https://hours.library.ubc.ca/includes/calendar.inc.php,"{""location_id"": 23, ""year"": 2026, ""month"": 11}",15bff384bd82c120779abbbc53d521282167f4adcbdc5413cc387213a56be0c2
library_hours:23:2026-12,https://hours.library.ubc.ca/#woodward,vancouver,2026-09-10T23:22:28Z,library_hours:23,2026-12,"[{""category"": ""regular"", ""heading"": ""Regular Hours (Sep 1-Dec 22)"", ""selector"": ""Mon-Thu"", ""hours_text"": ""9am - 9pm""}, {""category"": ""regular"", ""heading"": ""Regular Hours (Sep 1-Dec 22)"", ""selector"": ""Fri"", ""hours_text"": ""9am - 6pm""}, {""category"": ""regular"", ""heading"": ""Regular Hours (Sep 1-Dec 22)"", ""selector"": ""Sat"", ""hours_text"": ""10am - 6pm""}, {""category"": ""regular"", ""heading"": ""Regular Hours (Sep 1-Dec 22)"", ""selector"": ""Sun"", ""hours_text"": ""12pm - 6pm""}, {""category"": ""exception"", ""heading"": ""Exception Hours"", ""selector"": ""Dec 22"", ""hours_text"": ""9am - 5pm""}, {""category"": ""holiday"", ""heading"": ""Holiday Hours"", ""selector"": ""Dec 23-24"", ""hours_text"": ""9am - 5pm""}, {""category"": ""holiday"", ""heading"": ""Holiday Hours"", ""selector"": ""Dec 25-31"", ""hours_text"": ""Closed*""}]","[""https://woodward.library.ubc.ca/about-woodward-library/hours/""]",https://hours.library.ubc.ca/includes/calendar.inc.php,"{""location_id"": 23, ""year"": 2026, ""month"": 12}",8adf1ba57cd8a59946d1d675966f5d97776a77999ff362eb6a4f3c2dd4869d66
library_hours:25:2026-09,https://hours.library.ubc.ca/#xwi7xwa,vancouver,2026-09-10T23:22:28Z,library_hours:25,2026-09,"[{""category"": ""regular"", ""heading"": ""Regular Hours (Sep 1-Dec 22)"", ""selector"": ""Mon-Fri"", ""hours_text"": ""9am - 5pm""}, {""category"": ""regular"", ""heading"": ""Regular Hours (Sep 1-Dec 22)"", ""selector"": ""Sat-Sun"", ""hours_text"": ""Closed*""}, {""category"": ""holiday"", ""heading"": ""Holiday Hours"", ""selector"": ""Sep 7"", ""hours_text"": ""Closed* (Labour Day)""}, {""category"": ""holiday"", ""heading"": ""Holiday Hours"", ""selector"": ""Sep 30"", ""hours_text"": ""Closed* (NDTR)""}]","[""https://xwi7xwa.library.ubc.ca/""]",https://hours.library.ubc.ca/includes/calendar.inc.php,"{""location_id"": 25, ""year"": 2026, ""month"": 9}",10822f7c36dab49f1e6d06415c25038dad4a4cfe1da75e93f561cddf7ddf6e92
library_hours:25:2026-10,https://hours.library.ubc.ca/#xwi7xwa,vancouver,2026-09-10T23:22:28Z,library_hours:25,2026-10,"[{""category"": ""regular"", ""heading"": ""Regular Hours (Sep 1-Dec 22)"", ""selector"": ""Mon-Fri"", ""hours_text"": ""9am - 5pm""}, {""category"": ""regular"", ""heading"": ""Regular Hours (Sep 1-Dec 22)"", ""selector"": ""Sat-Sun"", ""hours_text"": ""Closed*""}, {""category"": ""holiday"", ""heading"": ""Holiday Hours"", ""selector"": ""Oct 12"", ""hours_text"": ""Closed* (Thanksgiving)""}]","[""https://xwi7xwa.library.ubc.ca/""]",https://hours.library.ubc.ca/includes/calendar.inc.php,"{""location_id"": 25, ""year"": 2026, ""month"": 10}",4202b063290e4218835b97267582de3c0364754c7d723d88a37b8584be0fc092
library_hours:25:2026-11,https://hours.library.ubc.ca/#xwi7xwa,vancouver,2026-09-10T23:22:28Z,library_hours:25,2026-11,"[{""category"": ""regular"", ""heading"": ""Regular Hours (Sep 1-Dec 22)"", ""selector"": ""Mon-Fri"", ""hours_text"": ""9am - 5pm""}, {""category"": ""regular"", ""heading"": ""Regular Hours (Sep 1-Dec 22)"", ""selector"": ""Sat-Sun"", ""hours_text"": ""Closed*""}, {""category"": ""holiday"", ""heading"": ""Holiday Hours"", ""selector"": ""Nov 11"", ""hours_text"": ""Closed* (Remembrance Day )""}]","[""https://xwi7xwa.library.ubc.ca/""]",https://hours.library.ubc.ca/includes/calendar.inc.php,"{""location_id"": 25, ""year"": 2026, ""month"": 11}",0e1a48f0f53927d1a11a2ec681bb6b2e786c8603d30b8cb87051be45ee1fc85d
library_hours:25:2026-12,https://hours.library.ubc.ca/#xwi7xwa,vancouver,2026-09-10T23:22:28Z,library_hours:25,2026-12,"[{""category"": ""regular"", ""heading"": ""Regular Hours (Sep 1-Dec 22)"", ""selector"": ""Mon-Fri"", ""hours_text"": ""9am - 5pm""}, {""category"": ""regular"", ""heading"": ""Regular Hours (Sep 1-Dec 22)"", ""selector"": ""Sat-Sun"", ""hours_text"": ""Closed*""}, {""category"": ""holiday"", ""heading"": ""Holiday Hours"", ""selector"": ""Dec 23-24"", ""hours_text"": ""9am - 5pm""}, {""category"": ""holiday"", ""heading"": ""Holiday Hours"", ""selector"": ""Dec 25-31"", ""hours_text"": ""Closed*""}]","[""https://xwi7xwa.library.ubc.ca/""]",https://hours.library.ubc.ca/includes/calendar.inc.php,"{""location_id"": 25, ""year"": 2026, ""month"": 12}",d07ceb02d4b6e3c46c522f0595649d25d6bb6f15d609e6e1e698c24cfaf532a6
library_hours:2:2026-09,https://hours.library.ubc.ca/#koerner,vancouver,2026-09-10T23:22:28Z,library_hours:2,2026-09,"[{""category"": ""regular"", ""heading"": ""Regular Hours (Sep 1-Dec 22)"", ""selector"": ""Mon-Thu"", ""hours_text"": ""8am - 8pm""}, {""category"": ""regular"", ""heading"": ""Regular Hours (Sep 1-Dec 22)"", ""selector"": ""Fri"", ""hours_text"": ""8am - 6pm""}, {""category"": ""regular"", ""heading"": ""Regular Hours (Sep 1-Dec 22)"", ""selector"": ""Sat-Sun"", ""hours_text"": ""11am - 6pm""}, {""category"": ""exception"", ""heading"": ""Exception Hours"", ""selector"": ""Sep 1-4"", ""hours_text"": ""8am - 6pm""}, {""category"": ""exception"", ""heading"": ""Exception Hours"", ""selector"": ""Sep 5-6"", ""hours_text"": ""11am - 6pm""}, {""category"": ""holiday"", ""heading"": ""Holiday Hours"", ""selector"": ""Sep 7"", ""hours_text"": ""11am - 6pm (Labour Day)""}, {""category"": ""holiday"", ""heading"": ""Holiday Hours"", ""selector"": ""Sep 30"", ""hours_text"": ""11am - 6pm (NDTR)""}]","[""https://koerner.library.ubc.ca/koerner-library/hours/""]",https://hours.library.ubc.ca/includes/calendar.inc.php,"{""location_id"": 2, ""year"": 2026, ""month"": 9}",bc0c71fb0c55f36b23f7cf80d11a8142460f9cb587fc7b742775a44af9e67880
library_hours:2:2026-10,https://hours.library.ubc.ca/#koerner,vancouver,2026-09-10T23:22:28Z,library_hours:2,2026-10,"[{""category"": ""regular"", ""heading"": ""Regular Hours (Sep 1-Dec 22)"", ""selector"": ""Mon-Thu"", ""hours_text"": ""8am - 8pm""}, {""category"": ""regular"", ""heading"": ""Regular Hours (Sep 1-Dec 22)"", ""selector"": ""Fri"", ""hours_text"": ""8am - 6pm""}, {""category"": ""regular"", ""heading"": ""Regular Hours (Sep 1-Dec 22)"", ""selector"": ""Sat-Sun"", ""hours_text"": ""11am - 6pm""}, {""category"": ""holiday"", ""heading"": ""Holiday Hours"", ""selector"": ""Oct 12"", ""hours_text"": ""Closed* (Thanksgiving)""}]","[""https://koerner.library.ubc.ca/koerner-library/hours/""]",https://hours.library.ubc.ca/includes/calendar.inc.php,"{""location_id"": 2, ""year"": 2026, ""month"": 10}",1f4020d653b22e5a0c7ae0073384c05e81d946570d742037b8a0c9b65d5a257d
library_hours:2:2026-11,https://hours.library.ubc.ca/#koerner,vancouver,2026-09-10T23:22:28Z,library_hours:2,2026-11,"[{""category"": ""regular"", ""heading"": ""Regular Hours (Sep 1-Dec 22)"", ""selector"": ""Mon-Thu"", ""hours_text"": ""8am - 8pm""}, {""category"": ""regular"", ""heading"": ""Regular Hours (Sep 1-Dec 22)"", ""selector"": ""Fri"", ""hours_text"": ""8am - 6pm""}, {""category"": ""regular"", ""heading"": ""Regular Hours (Sep 1-Dec 22)"", ""selector"": ""Sat-Sun"", ""hours_text"": ""11am - 6pm""}, {""category"": ""exception"", ""heading"": ""Exception Hours"", ""selector"": ""Nov 9-10"", ""hours_text"": ""8am - 8pm""}, {""category"": ""holiday"", ""heading"": ""Holiday Hours"", ""selector"": ""Nov 11"", ""hours_text"": ""Closed*""}]","[""https://koerner.library.ubc.ca/koerner-library/hours/""]",https://hours.library.ubc.ca/includes/calendar.inc.php,"{""location_id"": 2, ""year"": 2026, ""month"": 11}",32ce511bdfdadd7fd03f388c82c064733593d3a5a855b498a59631a3e93b0a3b
library_hours:2:2026-12,https://hours.library.ubc.ca/#koerner,vancouver,2026-09-10T23:22:28Z,library_hours:2,2026-12,"[{""category"": ""regular"", ""heading"": ""Regular Hours (Sep 1-Dec 22)"", ""selector"": ""Mon-Thu"", ""hours_text"": ""8am - 8pm""}, {""category"": ""regular"", ""heading"": ""Regular Hours (Sep 1-Dec 22)"", ""selector"": ""Fri"", ""hours_text"": ""8am - 6pm""}, {""category"": ""regular"", ""heading"": ""Regular Hours (Sep 1-Dec 22)"", ""selector"": ""Sat-Sun"", ""hours_text"": ""11am - 6pm""}, {""category"": ""exception"", ""heading"": ""Exception Hours"", ""selector"": ""Dec 22"", ""hours_text"": ""8am - 6pm""}, {""category"": ""holiday"", ""heading"": ""Holiday Hours"", ""selector"": ""Dec 23-24"", ""hours_text"": ""8am - 6pm""}, {""category"": ""holiday"", ""heading"": ""Holiday Hours"", ""selector"": ""Dec 25-31"", ""hours_text"": ""Closed*""}]","[""https://koerner.library.ubc.ca/koerner-library/hours/""]",https://hours.library.ubc.ca/includes/calendar.inc.php,"{""location_id"": 2, ""year"": 2026, ""month"": 12}",9cb1272ee26456aade41355e2d352d2c2c4b1b7272d5d2d5e5119bf5feab9473
library_hours:32:2026-09,https://hours.library.ubc.ca/#researchcommons,vancouver,2026-09-10T23:22:28Z,library_hours:32,2026-09,"[{""category"": ""regular"", ""heading"": ""Regular Hours (Sep 1-Dec 22)"", ""selector"": ""Mon-Thu"", ""hours_text"": ""8am - 8pm""}, {""category"": ""regular"", ""heading"": ""Regular Hours (Sep 1-Dec 22)"", ""selector"": ""Fri"", ""hours_text"": ""8am - 6pm""}, {""category"": ""regular"", ""heading"": ""Regular Hours (Sep 1-Dec 22)"", ""selector"": ""Sat-Sun"", ""hours_text"": ""11am - 6pm""}, {""category"": ""exception"", ""heading"": ""Exception Hours"", ""selector"": ""Sep 1-4"", ""hours_text"": ""8am - 6pm""}, {""category"": ""exception"", ""heading"": ""Exception Hours"", ""selector"": ""Sep 5-6"", ""hours_text"": ""11am - 6pm""}, {""category"": ""holiday"", ""heading"": ""Holiday Hours"", ""selector"": ""Sep 7"", ""hours_text"": ""11am - 6pm""}, {""category"": ""holiday"", ""heading"": ""Holiday Hours"", ""selector"": ""Sep 30"", ""hours_text"": ""11am - 6pm""}]",[],https://hours.library.ubc.ca/includes/calendar.inc.php,"{""location_id"": 32, ""year"": 2026, ""month"": 9}",a8f1302c2043ca4af82e9b5b2c2acb785d1dd94f014f05ebe96c9801f9c5c39a
library_hours:32:2026-10,https://hours.library.ubc.ca/#researchcommons,vancouver,2026-09-10T23:22:28Z,library_hours:32,2026-10,"[{""category"": ""regular"", ""heading"": ""Regular Hours (Sep 1-Dec 22)"", ""selector"": ""Mon-Thu"", ""hours_text"": ""8am - 8pm""}, {""category"": ""regular"", ""heading"": ""Regular Hours (Sep 1-Dec 22)"", ""selector"": ""Fri"", ""hours_text"": ""8am - 6pm""}, {""category"": ""regular"", ""heading"": ""Regular Hours (Sep 1-Dec 22)"", ""selector"": ""Sat-Sun"", ""hours_text"": ""11am - 6pm""}, {""category"": ""holiday"", ""heading"": ""Holiday Hours"", ""selector"": ""Oct 12"", ""hours_text"": ""Closed* (Thanksgiving)""}]",[],https://hours.library.ubc.ca/includes/calendar.inc.php,"{""location_id"": 32, ""year"": 2026, ""month"": 10}",458405f77dd8812fc637478487f16b6da21af2d101025edeab3a2608dbf2c82a
library_hours:32:2026-11,https://hours.library.ubc.ca/#researchcommons,vancouver,2026-09-10T23:22:28Z,library_hours:32,2026-11,"[{""category"": ""regular"", ""heading"": ""Regular Hours (Sep 1-Dec 22)"", ""selector"": ""Mon-Thu"", ""hours_text"": ""8am - 8pm""}, {""category"": ""regular"", ""heading"": ""Regular Hours (Sep 1-Dec 22)"", ""selector"": ""Fri"", ""hours_text"": ""8am - 6pm""}, {""category"": ""regular"", ""heading"": ""Regular Hours (Sep 1-Dec 22)"", ""selector"": ""Sat-Sun"", ""hours_text"": ""11am - 6pm""}, {""category"": ""exception"", ""heading"": ""Exception Hours"", ""selector"": ""Nov 9-10"", ""hours_text"": ""8am - 8pm""}, {""category"": ""holiday"", ""heading"": ""Holiday Hours"", ""selector"": ""Nov 11"", ""hours_text"": ""Closed* (Remembrance Day )""}]",[],https://hours.library.ubc.ca/includes/calendar.inc.php,"{""location_id"": 32, ""year"": 2026, ""month"": 11}",e10c4bdd810d23366465906186c014d0389dbbe3d27cfdf5346922b833fb09bb
library_hours:32:2026-12,https://hours.library.ubc.ca/#researchcommons,vancouver,2026-09-10T23:22:28Z,library_hours:32,2026-12,"[{""category"": ""regular"", ""heading"": ""Regular Hours (Sep 1-Dec 22)"", ""selector"": ""Mon-Thu"", ""hours_text"": ""8am - 8pm""}, {""category"": ""regular"", ""heading"": ""Regular Hours (Sep 1-Dec 22)"", ""selector"": ""Fri"", ""hours_text"": ""8am - 6pm""}, {""category"": ""regular"", ""heading"": ""Regular Hours (Sep 1-Dec 22)"", ""selector"": ""Sat-Sun"", ""hours_text"": ""11am - 6pm""}, {""category"": ""exception"", ""heading"": ""Exception Hours"", ""selector"": ""Dec 22"", ""hours_text"": ""8am - 6pm""}, {""category"": ""holiday"", ""heading"": ""Holiday Hours"", ""selector"": ""Dec 23-24"", ""hours_text"": ""8am - 6pm""}, {""category"": ""holiday"", ""heading"": ""Holiday Hours"", ""selector"": ""Dec 25-31"", ""hours_text"": ""Closed*""}]",[],https://hours.library.ubc.ca/includes/calendar.inc.php,"{""location_id"": 32, ""year"": 2026, ""month"": 12}",9e7ced0ad624709c15ea7df067632bd5575533a794e770fcebcbb2f9c26a00b0
library_hours:33:2026-09,https://hours.library.ubc.ca/#ask,,2026-09-10T23:22:28Z,library_hours:33,2026-09,"[{""category"": ""regular"", ""heading"": ""Regular Hours (Sep 1-Dec 22)"", ""selector"": ""Mon-Thu"", ""hours_text"": ""9am - 9pm""}, {""category"": ""regular"", ""heading"": ""Regular Hours (Sep 1-Dec 22)"", ""selector"": ""Fri"", ""hours_text"": ""9am - 5pm""}, {""category"": ""regular"", ""heading"": ""Regular Hours (Sep 1-Dec 22)"", ""selector"": ""Sat"", ""hours_text"": ""11am - 5pm""}, {""category"": ""regular"", ""heading"": ""Regular Hours (Sep 1-Dec 22)"", ""selector"": ""Sun"", ""hours_text"": ""10am - 9pm""}, {""category"": ""exception"", ""heading"": ""Exception Hours"", ""selector"": ""Sep 1-6"", ""hours_text"": ""Closed*""}, {""category"": ""exception"", ""heading"": ""Exception Hours"", ""selector"": ""Sep 7"", ""hours_text"": ""Closed* (Labour Day)""}, {""category"": ""exception"", ""heading"": ""Exception Hours"", ""selector"": ""Sep 8-20"", ""hours_text"": ""Closed*""}, {""category"": ""holiday"", ""heading"": ""Holiday Hours"", ""selector"": ""Sep 30"", ""hours_text"": ""Closed* (NDTR)""}]",[],https://hours.library.ubc.ca/includes/calendar.inc.php,"{""location_id"": 33, ""year"": 2026, ""month"": 9}",1f74c3c82c8493481db8853d1cf2789b18b72ddd93e6cf2bd6c1773e2d47588f
library_hours:33:2026-10,https://hours.library.ubc.ca/#ask,,2026-09-10T23:22:28Z,library_hours:33,2026-10,"[{""category"": ""regular"", ""heading"": ""Regular Hours (Sep 1-Dec 22)"", ""selector"": ""Mon-Thu"", ""hours_text"": ""9am - 9pm""}, {""category"": ""regular"", ""heading"": ""Regular Hours (Sep 1-Dec 22)"", ""selector"": ""Fri"", ""hours_text"": ""9am - 5pm""}, {""category"": ""regular"", ""heading"": ""Regular Hours (Sep 1-Dec 22)"", ""selector"": ""Sat"", ""hours_text"": ""11am - 5pm""}, {""category"": ""regular"", ""heading"": ""Regular Hours (Sep 1-Dec 22)"", ""selector"": ""Sun"", ""hours_text"": ""10am - 9pm""}, {""category"": ""holiday"", ""heading"": ""Holiday Hours"", ""selector"": ""Oct 12"", ""hours_text"": ""Closed* (Thanksgiving)""}]",[],https://hours.library.ubc.ca/includes/calendar.inc.php,"{""location_id"": 33, ""year"": 2026, ""month"": 10}",509e9d4639bc722998da267af24c781514ec4c9fdae3703052ac44c728bd0868
library_hours:33:2026-11,https://hours.library.ubc.ca/#ask,,2026-09-10T23:22:28Z,library_hours:33,2026-11,"[{""category"": ""regular"", ""heading"": ""Regular Hours (Sep 1-Dec 22)"", ""selector"": ""Mon-Thu"", ""hours_text"": ""9am - 9pm""}, {""category"": ""regular"", ""heading"": ""Regular Hours (Sep 1-Dec 22)"", ""selector"": ""Fri"", ""hours_text"": ""9am - 5pm""}, {""category"": ""regular"", ""heading"": ""Regular Hours (Sep 1-Dec 22)"", ""selector"": ""Sat"", ""hours_text"": ""11am - 5pm""}, {""category"": ""regular"", ""heading"": ""Regular Hours (Sep 1-Dec 22)"", ""selector"": ""Sun"", ""hours_text"": ""10am - 9pm""}, {""category"": ""holiday"", ""heading"": ""Holiday Hours"", ""selector"": ""Nov 11"", ""hours_text"": ""Closed* (Remembrance Day )""}]",[],https://hours.library.ubc.ca/includes/calendar.inc.php,"{""location_id"": 33, ""year"": 2026, ""month"": 11}",621c993a766acfb3130ed9bcf5c70b54aabb6401aaa1a9d4151ad564773e655f
library_hours:33:2026-12,https://hours.library.ubc.ca/#ask,,2026-09-10T23:22:28Z,library_hours:33,2026-12,"[{""category"": ""regular"", ""heading"": ""Regular Hours (Sep 1-Dec 22)"", ""selector"": ""Mon-Thu"", ""hours_text"": ""9am - 9pm""}, {""category"": ""regular"", ""heading"": ""Regular Hours (Sep 1-Dec 22)"", ""selector"": ""Fri"", ""hours_text"": ""9am - 5pm""}, {""category"": ""regular"", ""heading"": ""Regular Hours (Sep 1-Dec 22)"", ""selector"": ""Sat"", ""hours_text"": ""11am - 5pm""}, {""category"": ""regular"", ""heading"": ""Regular Hours (Sep 1-Dec 22)"", ""selector"": ""Sun"", ""hours_text"": ""10am - 9pm""}, {""category"": ""exception"", ""heading"": ""Exception Hours"", ""selector"": ""Dec 11-22"", ""hours_text"": ""Closed*""}, {""category"": ""holiday"", ""heading"": ""Holiday Hours"", ""selector"": ""Dec 23-31"", ""hours_text"": ""Closed*""}]",[],https://hours.library.ubc.ca/includes/calendar.inc.php,"{""location_id"": 33, ""year"": 2026, ""month"": 12}",393e66f11d43f25dfcef9918fd596857d6103f467094fb77cc030bfc31513263
library_hours:34:2026-09,https://hours.library.ubc.ca/#gallery,vancouver,2026-09-10T23:22:28Z,library_hours:34,2026-09,"[{""category"": ""regular"", ""heading"": ""Regular Hours (Sep 1-Dec 22)"", ""selector"": ""Mon-Tue"", ""hours_text"": ""Closed*""}, {""category"": ""regular"", ""heading"": ""Regular Hours (Sep 1-Dec 22)"", ""selector"": ""Wed-Sat"", ""hours_text"": ""10am - 5pm""}, {""category"": ""regular"", ""heading"": ""Regular Hours (Sep 1-Dec 22)"", ""selector"": ""Sun"", ""hours_text"": ""Closed*""}, {""category"": ""holiday"", ""heading"": ""Holiday Hours"", ""selector"": ""Sep 7"", ""hours_text"": ""Closed* (Labour Day)""}, {""category"": ""holiday"", ""heading"": ""Holiday Hours"", ""selector"": ""Sep 30"", ""hours_text"": ""Closed* (NDTR)""}]","[""https://gallery.library.ubc.ca/""]",https://hours.library.ubc.ca/includes/calendar.inc.php,"{""location_id"": 34, ""year"": 2026, ""month"": 9}",2b36dd83cfb123b8bb7caee06ff92e1d98dc8941bae1e78fd166ed1837421755
library_hours:34:2026-10,https://hours.library.ubc.ca/#gallery,vancouver,2026-09-10T23:22:28Z,library_hours:34,2026-10,"[{""category"": ""regular"", ""heading"": ""Regular Hours (Sep 1-Dec 22)"", ""selector"": ""Mon-Tue"", ""hours_text"": ""Closed*""}, {""category"": ""regular"", ""heading"": ""Regular Hours (Sep 1-Dec 22)"", ""selector"": ""Wed-Sat"", ""hours_text"": ""10am - 5pm""}, {""category"": ""regular"", ""heading"": ""Regular Hours (Sep 1-Dec 22)"", ""selector"": ""Sun"", ""hours_text"": ""Closed*""}, {""category"": ""holiday"", ""heading"": ""Holiday Hours"", ""selector"": ""Oct 12"", ""hours_text"": ""Closed* (Thanksgiving)""}]","[""https://gallery.library.ubc.ca/""]",https://hours.library.ubc.ca/includes/calendar.inc.php,"{""location_id"": 34, ""year"": 2026, ""month"": 10}",9c6d90ce4ea2726b12e337da1c8566bf464590a4f561584e0cde281cfff09d68
library_hours:34:2026-11,https://hours.library.ubc.ca/#gallery,vancouver,2026-09-10T23:22:28Z,library_hours:34,2026-11,"[{""category"": ""regular"", ""heading"": ""Regular Hours (Sep 1-Dec 22)"", ""selector"": ""Mon-Tue"", ""hours_text"": ""Closed*""}, {""category"": ""regular"", ""heading"": ""Regular Hours (Sep 1-Dec 22)"", ""selector"": ""Wed-Sat"", ""hours_text"": ""10am - 5pm""}, {""category"": ""regular"", ""heading"": ""Regular Hours (Sep 1-Dec 22)"", ""selector"": ""Sun"", ""hours_text"": ""Closed*""}, {""category"": ""holiday"", ""heading"": ""Holiday Hours"", ""selector"": ""Nov 11"", ""hours_text"": ""Closed* (Remembrance Day )""}]","[""https://gallery.library.ubc.ca/""]",https://hours.library.ubc.ca/includes/calendar.inc.php,"{""location_id"": 34, ""year"": 2026, ""month"": 11}",5f67daeff3557e9e2c5edb82e62984ee75b104103321eac8fe8ce9a47eb392da
library_hours:34:2026-12,https://hours.library.ubc.ca/#gallery,vancouver,2026-09-10T23:22:28Z,library_hours:34,2026-12,"[{""category"": ""regular"", ""heading"": ""Regular Hours (Sep 1-Dec 22)"", ""selector"": ""Mon-Tue"", ""hours_text"": ""Closed*""}, {""category"": ""regular"", ""heading"": ""Regular Hours (Sep 1-Dec 22)"", ""selector"": ""Wed-Sat"", ""hours_text"": ""10am - 5pm""}, {""category"": ""regular"", ""heading"": ""Regular Hours (Sep 1-Dec 22)"", ""selector"": ""Sun"", ""hours_text"": ""Closed*""}, {""category"": ""holiday"", ""heading"": ""Holiday Hours"", ""selector"": ""Dec 23-24"", ""hours_text"": ""10am - 5pm""}, {""category"": ""holiday"", ""heading"": ""Holiday Hours"", ""selector"": ""Dec 25-31"", ""hours_text"": ""Closed*""}]","[""https://gallery.library.ubc.ca/""]",https://hours.library.ubc.ca/includes/calendar.inc.php,"{""location_id"": 34, ""year"": 2026, ""month"": 12}",a98f4143fa7d7a91695eef0381f5ee84319a9caedb737af2c807c03620d46968
library_hours:3:2026-09,https://hours.library.ubc.ca/#asian,vancouver,2026-09-10T23:22:28Z,library_hours:3,2026-09,"[{""category"": ""regular"", ""heading"": ""Regular Hours (Sep 1-Dec 22)"", ""selector"": ""Mon-Thu"", ""hours_text"": ""9am - 7pm""}, {""category"": ""regular"", ""heading"": ""Regular Hours (Sep 1-Dec 22)"", ""selector"": ""Fri"", ""hours_text"": ""9am - 5pm""}, {""category"": ""regular"", ""heading"": ""Regular Hours (Sep 1-Dec 22)"", ""selector"": ""Sat"", ""hours_text"": ""11am - 4pm""}, {""category"": ""regular"", ""heading"": ""Regular Hours (Sep 1-Dec 22)"", ""selector"": ""Sun"", ""hours_text"": ""Closed*""}, {""category"": ""exception"", ""heading"": ""Exception Hours"", ""selector"": ""Sep 1-4"", ""hours_text"": ""9am - 5pm""}, {""category"": ""exception"", ""heading"": ""Exception Hours"", ""selector"": ""Sep 5-6"", ""hours_text"": ""Closed*""}, {""category"": ""holiday"", ""heading"": ""Holiday Hours"", ""selector"": ""Sep 7"", ""hours_text"": ""Closed* (Labour Day)""}, {""category"": ""holiday"", ""heading"": ""Holiday Hours"", ""selector"": ""Sep 30"", ""hours_text"": ""Closed* (NDTR)""}]","[""https://asian.library.ubc.ca/""]",https://hours.library.ubc.ca/includes/calendar.inc.php,"{""location_id"": 3, ""year"": 2026, ""month"": 9}",2a815fe70f72b88bba14c018750a8b737975edcb223c6bcd3bb2fcb84d3f8adc
library_hours:3:2026-10,https://hours.library.ubc.ca/#asian,vancouver,2026-09-10T23:22:28Z,library_hours:3,2026-10,"[{""category"": ""regular"", ""heading"": ""Regular Hours (Sep 1-Dec 22)"", ""selector"": ""Mon-Thu"", ""hours_text"": ""9am - 7pm""}, {""category"": ""regular"", ""heading"": ""Regular Hours (Sep 1-Dec 22)"", ""selector"": ""Fri"", ""hours_text"": ""9am - 5pm""}, {""category"": ""regular"", ""heading"": ""Regular Hours (Sep 1-Dec 22)"", ""selector"": ""Sat"", ""hours_text"": ""11am - 4pm""}, {""category"": ""regular"", ""heading"": ""Regular Hours (Sep 1-Dec 22)"", ""selector"": ""Sun"", ""hours_text"": ""Closed*""}, {""category"": ""holiday"", ""heading"": ""Holiday Hours"", ""selector"": ""Oct 12"", ""hours_text"": ""Closed* (Thanksgiving)""}]","[""https://asian.library.ubc.ca/""]",https://hours.library.ubc.ca/includes/calendar.inc.php,"{""location_id"": 3, ""year"": 2026, ""month"": 10}",085f319d229d7c072db934b3e288a9b8c023c47b9b0f981016257cbd874d55ec
library_hours:3:2026-11,https://hours.library.ubc.ca/#asian,vancouver,2026-09-10T23:22:28Z,library_hours:3,2026-11,"[{""category"": ""regular"", ""heading"": ""Regular Hours (Sep 1-Dec 22)"", ""selector"": ""Mon-Thu"", ""hours_text"": ""9am - 7pm""}, {""category"": ""regular"", ""heading"": ""Regular Hours (Sep 1-Dec 22)"", ""selector"": ""Fri"", ""hours_text"": ""9am - 5pm""}, {""category"": ""regular"", ""heading"": ""Regular Hours (Sep 1-Dec 22)"", ""selector"": ""Sat"", ""hours_text"": ""11am - 4pm""}, {""category"": ""regular"", ""heading"": ""Regular Hours (Sep 1-Dec 22)"", ""selector"": ""Sun"", ""hours_text"": ""Closed*""}, {""category"": ""exception"", ""heading"": ""Exception Hours"", ""selector"": ""Nov 9-10"", ""hours_text"": ""9am - 5pm""}, {""category"": ""holiday"", ""heading"": ""Holiday Hours"", ""selector"": ""Nov 11"", ""hours_text"": ""Closed* (Remembrance Day )""}]","[""https://asian.library.ubc.ca/""]",https://hours.library.ubc.ca/includes/calendar.inc.php,"{""location_id"": 3, ""year"": 2026, ""month"": 11}",d144fee55f783011b605b3fc3aa8a20facacd2fd2c14112067c7f29d13bd7583
library_hours:3:2026-12,https://hours.library.ubc.ca/#asian,vancouver,2026-09-10T23:22:28Z,library_hours:3,2026-12,"[{""category"": ""regular"", ""heading"": ""Regular Hours (Sep 1-Dec 22)"", ""selector"": ""Mon-Thu"", ""hours_text"": ""9am - 7pm""}, {""category"": ""regular"", ""heading"": ""Regular Hours (Sep 1-Dec 22)"", ""selector"": ""Fri"", ""hours_text"": ""9am - 5pm""}, {""category"": ""regular"", ""heading"": ""Regular Hours (Sep 1-Dec 22)"", ""selector"": ""Sat"", ""hours_text"": ""11am - 4pm""}, {""category"": ""regular"", ""heading"": ""Regular Hours (Sep 1-Dec 22)"", ""selector"": ""Sun"", ""hours_text"": ""Closed*""}, {""category"": ""holiday"", ""heading"": ""Holiday Hours"", ""selector"": ""Dec 23-24"", ""hours_text"": ""9am - 5pm""}, {""category"": ""holiday"", ""heading"": ""Holiday Hours"", ""selector"": ""Dec 25-31"", ""hours_text"": ""Closed*""}]","[""https://asian.library.ubc.ca/""]",https://hours.library.ubc.ca/includes/calendar.inc.php,"{""location_id"": 3, ""year"": 2026, ""month"": 12}",bdc9fb8b657c205f650cbaa12e47e2c277a2b070015d474ee4471a99f4d4491e
library_hours:4:2026-09,https://hours.library.ubc.ca/#davidlam,vancouver,2026-09-10T23:22:28Z,library_hours:4,2026-09,"[{""category"": ""regular"", ""heading"": ""Regular Hours (Sep 1-Dec 22)"", ""selector"": ""Mon-Thu"", ""hours_text"": ""9am - 9pm""}, {""category"": ""regular"", ""heading"": ""Regular Hours (Sep 1-Dec 22)"", ""selector"": ""Fri"", ""hours_text"": ""9am - 8pm""}, {""category"": ""regular"", ""heading"": ""Regular Hours (Sep 1-Dec 22)"", ""selector"": ""Sat-Sun"", ""hours_text"": ""12pm - 5pm""}, {""category"": ""exception"", ""heading"": ""Exception Hours"", ""selector"": ""Sep 1-4"", ""hours_text"": ""9am - 5pm""}, {""category"": ""exception"", ""heading"": ""Exception Hours"", ""selector"": ""Sep 5-6"", ""hours_text"": ""Closed*""}, {""category"": ""holiday"", ""heading"": ""Holiday Hours"", ""selector"": ""Sep 7"", ""hours_text"": ""Closed* (Labour Day)""}, {""category"": ""holiday"", ""heading"": ""Holiday Hours"", ""selector"": ""Sep 30"", ""hours_text"": ""Closed* (NDTR)""}]","[""https://lam.library.ubc.ca/""]",https://hours.library.ubc.ca/includes/calendar.inc.php,"{""location_id"": 4, ""year"": 2026, ""month"": 9}",962ad81f7f64f4b9273feddfdfb685898bd961e42d28e612ff3adda3e2b3970d
library_hours:4:2026-10,https://hours.library.ubc.ca/#davidlam,vancouver,2026-09-10T23:22:28Z,library_hours:4,2026-10,"[{""category"": ""regular"", ""heading"": ""Regular Hours (Sep 1-Dec 22)"", ""selector"": ""Mon-Thu"", ""hours_text"": ""9am - 9pm""}, {""category"": ""regular"", ""heading"": ""Regular Hours (Sep 1-Dec 22)"", ""selector"": ""Fri"", ""hours_text"": ""9am - 8pm""}, {""category"": ""regular"", ""heading"": ""Regular Hours (Sep 1-Dec 22)"", ""selector"": ""Sat-Sun"", ""hours_text"": ""12pm - 5pm""}, {""category"": ""holiday"", ""heading"": ""Holiday Hours"", ""selector"": ""Oct 12"", ""hours_text"": ""Closed* (Thanksgiving)""}]","[""https://lam.library.ubc.ca/""]",https://hours.library.ubc.ca/includes/calendar.inc.php,"{""location_id"": 4, ""year"": 2026, ""month"": 10}",e78862606b629078f112c90f202d33ed44ee625792ba83cbfc21120359df2b44
library_hours:4:2026-11,https://hours.library.ubc.ca/#davidlam,vancouver,2026-09-10T23:22:28Z,library_hours:4,2026-11,"[{""category"": ""regular"", ""heading"": ""Regular Hours (Sep 1-Dec 22)"", ""selector"": ""Mon-Thu"", ""hours_text"": ""9am - 9pm""}, {""category"": ""regular"", ""heading"": ""Regular Hours (Sep 1-Dec 22)"", ""selector"": ""Fri"", ""hours_text"": ""9am - 8pm""}, {""category"": ""regular"", ""heading"": ""Regular Hours (Sep 1-Dec 22)"", ""selector"": ""Sat-Sun"", ""hours_text"": ""12pm - 5pm""}, {""category"": ""exception"", ""heading"": ""Exception Hours"", ""selector"": ""Nov 9-10"", ""hours_text"": ""9am - 5pm""}, {""category"": ""holiday"", ""heading"": ""Holiday Hours"", ""selector"": ""Nov 11"", ""hours_text"": ""Closed* (Remembrance Day )""}]","[""https://lam.library.ubc.ca/""]",https://hours.library.ubc.ca/includes/calendar.inc.php,"{""location_id"": 4, ""year"": 2026, ""month"": 11}",54ba76fbfe15546142e643bb541aaabe5b46c879670ce850ae17c582ef801e06
library_hours:4:2026-12,https://hours.library.ubc.ca/#davidlam,vancouver,2026-09-10T23:22:28Z,library_hours:4,2026-12,"[{""category"": ""regular"", ""heading"": ""Regular Hours (Sep 1-Dec 22)"", ""selector"": ""Mon-Thu"", ""hours_text"": ""9am - 9pm""}, {""category"": ""regular"", ""heading"": ""Regular Hours (Sep 1-Dec 22)"", ""selector"": ""Fri"", ""hours_text"": ""9am - 8pm""}, {""category"": ""regular"", ""heading"": ""Regular Hours (Sep 1-Dec 22)"", ""selector"": ""Sat-Sun"", ""hours_text"": ""12pm - 5pm""}, {""category"": ""holiday"", ""heading"": ""Holiday Hours"", ""selector"": ""Dec 23-24"", ""hours_text"": ""9am - 5pm""}, {""category"": ""holiday"", ""heading"": ""Holiday Hours"", ""selector"": ""Dec 25-31"", ""hours_text"": ""Closed*""}]","[""https://lam.library.ubc.ca/""]",https://hours.library.ubc.ca/includes/calendar.inc.php,"{""location_id"": 4, ""year"": 2026, ""month"": 12}",c5949c1e18a4ec4afbf780c238047ae575808ea130a8e4796f83d1bf8cbdd08c
library_hours:6:2026-09,https://hours.library.ubc.ca/#ikblc,vancouver,2026-09-10T23:22:28Z,library_hours:6,2026-09,"[{""category"": ""regular"", ""heading"": ""Regular Hours (Sep 1-Dec 22)"", ""selector"": ""Mon-Sun"", ""hours_text"": ""6am - 12am""}, {""category"": ""holiday"", ""heading"": ""Holiday Hours"", ""selector"": ""Sep 7"", ""hours_text"": ""6am - 12am (Labour Day)""}, {""category"": ""holiday"", ""heading"": ""Holiday Hours"", ""selector"": ""Sep 30"", ""hours_text"": ""6am - 12am""}]",[],https://hours.library.ubc.ca/includes/calendar.inc.php,"{""location_id"": 6, ""year"": 2026, ""month"": 9}",e3c94943a34adcbf31f17685ddbfa41ef806e62b96435824d33d0859ae9e8f2e
library_hours:6:2026-10,https://hours.library.ubc.ca/#ikblc,vancouver,2026-09-10T23:22:28Z,library_hours:6,2026-10,"[{""category"": ""regular"", ""heading"": ""Regular Hours (Sep 1-Dec 22)"", ""selector"": ""Mon-Sun"", ""hours_text"": ""6am - 12am""}, {""category"": ""holiday"", ""heading"": ""Holiday Hours"", ""selector"": ""Oct 12"", ""hours_text"": ""6am - 12am""}]",[],https://hours.library.ubc.ca/includes/calendar.inc.php,"{""location_id"": 6, ""year"": 2026, ""month"": 10}",b471c975e8e16e4c6d5ed5c4d7810cbc5ddf275fa0c15d19459ad5eecef2cfdf
library_hours:6:2026-11,https://hours.library.ubc.ca/#ikblc,vancouver,2026-09-10T23:22:28Z,library_hours:6,2026-11,"[{""category"": ""regular"", ""heading"": ""Regular Hours (Sep 1-Dec 22)"", ""selector"": ""Mon-Sun"", ""hours_text"": ""6am - 12am""}, {""category"": ""exception"", ""heading"": ""Exception Hours"", ""selector"": ""Nov 9-10"", ""hours_text"": ""6am - 12am""}, {""category"": ""holiday"", ""heading"": ""Holiday Hours"", ""selector"": ""Nov 11"", ""hours_text"": ""6am - 12am""}]",[],https://hours.library.ubc.ca/includes/calendar.inc.php,"{""location_id"": 6, ""year"": 2026, ""month"": 11}",0c845ea553ca987c8609d4a6241b8eba90baf40398d648564511406845d20918
library_hours:6:2026-12,https://hours.library.ubc.ca/#ikblc,vancouver,2026-09-10T23:22:28Z,library_hours:6,2026-12,"[{""category"": ""regular"", ""heading"": ""Regular Hours (Sep 1-Dec 22)"", ""selector"": ""Mon-Sun"", ""hours_text"": ""6am - 12am""}, {""category"": ""exam"", ""heading"": ""Exam Hours (Dec 12-Dec 22)"", ""selector"": ""Mon-Sun"", ""hours_text"": ""6am - 1am""}, {""category"": ""holiday"", ""heading"": ""Holiday Hours"", ""selector"": ""Dec 23-31"", ""hours_text"": ""8am - 8pm""}]",[],https://hours.library.ubc.ca/includes/calendar.inc.php,"{""location_id"": 6, ""year"": 2026, ""month"": 12}",85ca3bfe323060911b276bd0f76906768b022b37513ed6f6be330548e78d497f
library_hours:7:2026-09,https://hours.library.ubc.ca/#library,vancouver,2026-09-10T23:22:28Z,library_hours:7,2026-09,"[{""category"": ""regular"", ""heading"": ""Regular Hours (Sep 1-Dec 22)"", ""selector"": ""Mon-Thu"", ""hours_text"": ""9am - 10pm""}, {""category"": ""regular"", ""heading"": ""Regular Hours (Sep 1-Dec 22)"", ""selector"": ""Fri"", ""hours_text"": ""9am - 6pm""}, {""category"": ""regular"", ""heading"": ""Regular Hours (Sep 1-Dec 22)"", ""selector"": ""Sat-Sun"", ""hours_text"": ""11am - 6pm""}, {""category"": ""exception"", ""heading"": ""Exception Hours"", ""selector"": ""Sep 1-4"", ""hours_text"": ""10am - 6pm""}, {""category"": ""exception"", ""heading"": ""Exception Hours"", ""selector"": ""Sep 5-6"", ""hours_text"": ""Closed*""}, {""category"": ""holiday"", ""heading"": ""Holiday Hours"", ""selector"": ""Sep 7"", ""hours_text"": ""Closed* (Labour Day)""}, {""category"": ""holiday"", ""heading"": ""Holiday Hours"", ""selector"": ""Sep 30"", ""hours_text"": ""Closed* (NDTR)""}]","[""https://maa.library.ubc.ca/""]",https://hours.library.ubc.ca/includes/calendar.inc.php,"{""location_id"": 7, ""year"": 2026, ""month"": 9}",bceb25b95c08bcf5a53bdda59bb8dd5490279593c0837a2fe2fea6e1ba4e3ca6
library_hours:7:2026-10,https://hours.library.ubc.ca/#library,vancouver,2026-09-10T23:22:28Z,library_hours:7,2026-10,"[{""category"": ""regular"", ""heading"": ""Regular Hours (Sep 1-Dec 22)"", ""selector"": ""Mon-Thu"", ""hours_text"": ""9am - 10pm""}, {""category"": ""regular"", ""heading"": ""Regular Hours (Sep 1-Dec 22)"", ""selector"": ""Fri"", ""hours_text"": ""9am - 6pm""}, {""category"": ""regular"", ""heading"": ""Regular Hours (Sep 1-Dec 22)"", ""selector"": ""Sat-Sun"", ""hours_text"": ""11am - 6pm""}, {""category"": ""holiday"", ""heading"": ""Holiday Hours"", ""selector"": ""Oct 12"", ""hours_text"": ""Closed* (Thanksgiving)""}]","[""https://maa.library.ubc.ca/""]",https://hours.library.ubc.ca/includes/calendar.inc.php,"{""location_id"": 7, ""year"": 2026, ""month"": 10}",c588edf2cb1cdb9695037b992ddf0305521654c5a8e501f5793f2b5b2847d339
library_hours:7:2026-11,https://hours.library.ubc.ca/#library,vancouver,2026-09-10T23:22:28Z,library_hours:7,2026-11,"[{""category"": ""regular"", ""heading"": ""Regular Hours (Sep 1-Dec 22)"", ""selector"": ""Mon-Thu"", ""hours_text"": ""9am - 10pm""}, {""category"": ""regular"", ""heading"": ""Regular Hours (Sep 1-Dec 22)"", ""selector"": ""Fri"", ""hours_text"": ""9am - 6pm""}, {""category"": ""regular"", ""heading"": ""Regular Hours (Sep 1-Dec 22)"", ""selector"": ""Sat-Sun"", ""hours_text"": ""11am - 6pm""}, {""category"": ""exception"", ""heading"": ""Exception Hours"", ""selector"": ""Nov 9-10"", ""hours_text"": ""10am - 6pm""}, {""category"": ""holiday"", ""heading"": ""Holiday Hours"", ""selector"": ""Nov 11"", ""hours_text"": ""Closed* (Remembrance Day )""}]","[""https://maa.library.ubc.ca/""]",https://hours.library.ubc.ca/includes/calendar.inc.php,"{""location_id"": 7, ""year"": 2026, ""month"": 11}",78cdecba5457aa2b1f0d2343cd1d78bb61d291d91009ce7e899b45ff776e1129
library_hours:7:2026-12,https://hours.library.ubc.ca/#library,vancouver,2026-09-10T23:22:28Z,library_hours:7,2026-12,"[{""category"": ""regular"", ""heading"": ""Regular Hours (Sep 1-Dec 22)"", ""selector"": ""Mon-Thu"", ""hours_text"": ""9am - 10pm""}, {""category"": ""regular"", ""heading"": ""Regular Hours (Sep 1-Dec 22)"", ""selector"": ""Fri"", ""hours_text"": ""9am - 6pm""}, {""category"": ""regular"", ""heading"": ""Regular Hours (Sep 1-Dec 22)"", ""selector"": ""Sat-Sun"", ""hours_text"": ""11am - 6pm""}, {""category"": ""holiday"", ""heading"": ""Holiday Hours"", ""selector"": ""Dec 23-24"", ""hours_text"": ""10am - 6pm""}, {""category"": ""holiday"", ""heading"": ""Holiday Hours"", ""selector"": ""Dec 25-31"", ""hours_text"": ""Closed*""}]","[""https://maa.library.ubc.ca/""]",https://hours.library.ubc.ca/includes/calendar.inc.php,"{""location_id"": 7, ""year"": 2026, ""month"": 12}",2348615198edd8b6379e60416b6873f0e10f763046c0122a93c80ab74ff0d20a
